{"cameraMode":{"drawMode":0,"name":"Shaded","section":"Shading Mode"},"sceneLighting":true,"audioPlay":false,"sceneViewState":{"m_AlwaysRefresh":false,"showFog":true,"showSkybox":true,"showFlares":true,"showImageEffects":true,"showParticleSystems":true,"showVisualEffectGraphs":true,"m_FxEnabled":true},"in2DMode":false,"pivot":{"x":0.9117749929428101,"y":0.2384454607963562,"z":-2.144278049468994},"rotation":{"x":0.08621814101934433,"y":0.7828478217124939,"z":-0.11136577278375626,"w":0.6060695052146912},"size":3.730882406234741,"orthographic":false}